1431027007.22802,203.42,15.58
1431027009.22677,204.2,15.47
1431027011.22967,216.63,15.47
1431027013.2283,220.58,15.64
1431027015.22712,203.92,15.35
1431027019.22882,211.3,15.77
1431027021.22755,219.81,15.59
1431027025.22909,203.09,15.59
1431027027.22792,204.48,15.65
1431027029.22664,219.06,15.74
1431027031.22946,220.39,15.64
1431027033.22821,205.05,15.63
1431027035.23094,207.8,15.58
1431027037.2299,220.38,15.9
1431027039.22851,214.78,15.63
1431027041.23139,203.38,15.73
1431027043.23012,215.2,15.57
1431027045.23286,221.73,15.66
1431027047.23165,204.97,15.65
1431027049.23044,203.25,15.71
1431027051.22927,217.17,15.61
1431027053.23202,221.56,15.74
1431027055.23082,219.45,15.8
1431027057.22961,203.2,15.66
1431027059.2324,204,15.76
1431027483.27402,217.69,13.88
1431027487.27565,202.39,13.74
1431027489.27435,199.72,13.7
1431027493.27594,208.73,13.7
1431027495.27474,213.14,13.61
1431027497.27345,212.39,13.81
1431027503.27392,218.47,13.72
1431027505.2766,215.72,13.68
1431027507.27547,219.17,14.25
1431027509.27421,220.13,14.25
1431027513.27569,219.73,14.23
1431027515.2745,217.17,14.42
1431027517.27738,218.95,14.21
1431027519.27605,219.55,14.5
1431027523.27768,220.41,14.07
1431027525.27649,220.31,14.24
1431027527.27515,217.11,14.37
1431027951.32538,201.47,15.81
1431027953.32808,199.41,15.78
1431027955.32686,215.08,15.93
1431027957.32566,217.08,16.1
1431027961.32314,217.5,16.11
1431027963.32602,206.03,16.11
1431027965.3288,204.3,15.79
1431027967.32754,214.53,16.03
1431027969.32627,216.61,16.16
1431027971.32913,217.5,15.93
1431027973.32798,218,15.7
1431027975.32677,198.67,15.83
1431027977.32947,197.8,15.73
1431027979.32826,204.59,16.19
1431027981.32704,216.48,15.82
1431027983.32978,215.67,15.94
1431027985.32859,199.16,16.29
1431027987.33143,198.25,16.08
1431027989.33028,199.36,16.13
1431027993.32762,215.11,16.49
1431027995.33039,200.05,16.27
1431028421.38333,200.31,18.51
1431028427.38371,217.06,18.68
1431028431.38129,200.77,18.31
1431028433.38418,215.45,18.42
1431028879.44106,215.94,19.83
1431028883.44274,204.42,19.76
1431028885.44135,207.27,19.6
1431028887.44015,216.59,19.78
1431028889.44304,214.84,19.74
1431028891.4418,205.05,19.9
1431028893.44459,203.44,19.74
1431028895.44339,215.66,19.79
1431028899.4449,219.17,19.58
1431028901.44367,205.92,19.58
1431028919.44475,219.11,19.93
1431029337.503,220.38,21.24
1431029339.50572,208.95,21.31
1431029345.5061,221,21.25
1431029347.5049,220.64,21.27
1431029349.50757,208.13,21.52
1431029351.50639,207.17,21.29
1431029353.50518,212.7,21.48
1431029357.50671,220.55,21.35
1431029359.5055,219.98,21.25
1431029363.5072,204.33,21.15
1431029369.50754,217.38,21.31
1431029371.50625,204.73,21.19
1431029383.50683,203.88,21.24
1431029807.56927,211.06,22.33
1431029811.57099,220.78,22.19
1431029815.56854,208.16,22.25
1431029817.56733,217.47,22.47
1431029819.56601,219.47,22.43
1431029821.56887,219.56,22.22
1431029823.56761,221.13,22.27
1431029827.56933,213.69,22.04
1431029829.56796,219.77,22.39
1431029831.56673,218.8,22.24
1431029833.56953,207.77,22.15
1431029835.56838,207.83,22.17
1431029839.56993,219.56,22.17
1431029841.56873,219.06,22.52
1431029845.57029,207.36,22.29
1431030223.62473,201.42,22.96
1431030225.62351,201.86,22.89
1431030231.62386,202.58,23.2
1431030233.62267,199.97,23.06
1431030235.6255,203.86,23.28
1431030237.62426,215.81,23.26
1431030239.62703,214.08,23.23
1431030241.62597,200.94,23.07
1431030243.62463,199.05,23.15
1431030245.62745,212.03,23.1
1431030247.62609,212.5,22.92
1431030249.62901,201.36,23.13
1431030251.62779,198.27,23.1
1431030253.62657,207.61,23.11
1431030255.62934,213.55,23.11
1431030257.62814,205.94,23.17
1431030259.63102,199.52,23.14
1431030261.62967,201.53,23.08
1431030263.62847,213.33,23.07
1431030265.62716,214,22.98
1431030267.63012,203.02,23.22
1431030269.62869,203.86,23.02
1431030271.63156,219.2,22.95
1431030273.63035,218.58,22.92
1431030279.63069,218.39,22.95
1431030281.62943,219.69,22.98
1431030669.68172,209,23.56
1431030671.68455,221.45,23.59
1431030673.68338,220.47,23.6
1431030675.68611,208.5,23.63
1431030677.68491,205.52,23.72
1431030679.68374,220.36,23.63
1431030681.68243,220,23.66
1431030683.68527,207.88,23.59
1431030685.68401,206,23.57
1431030687.68688,215.36,23.68
1431030689.68568,221.78,23.65
1431030691.68835,207.58,23.76
1431030693.68716,206.72,23.6
1431030695.68598,211.7,23.68
1431030697.68887,220.23,23.6
1431030699.68754,210.91,23.57
1431030701.69024,207.31,23.5
1431030703.68921,209.19,23.58
1431030705.68798,221.28,23.39
1431030707.69074,221.3,23.63
1431030709.68953,208.25,23.48
1431030711.68829,205.25,23.75
1431030713.691,220.45,23.53
1431030717.6886,208.39,23.64
1431030719.69137,206.11,23.6
1431030721.69017,214.81,23.6
1431031131.74535,208.8,24.31
1431031133.74413,221.77,24.02
1431031135.7468,217.97,24.14
1431031137.74567,208.44,23.96
1431031139.74829,209.7,24.18
1431031141.74719,222.25,24
1431031143.74594,219.33,23.95
1431031145.74472,209.42,24.17
1431031147.74743,208.39,24.31
1431031149.74627,223.27,23.99
1431031151.74908,223.05,24.04
1431031153.7479,211.08,24.26
1431031155.74672,206.63,24.1
1431031157.74551,222.02,24.06
1431031159.74824,224.09,24.1
1431031161.74703,210.73,23.98
1431031163.7498,208.03,24.09
1431031165.74853,215.52,23.89
1431031167.75135,223.16,23.81
1431031579.80101,224.17,24.3
1431031585.80132,208.95,24.34
1431031587.80416,224.56,24.26
1431031589.80297,224.34,24.39
1431031591.80177,211.94,24.44
1431031593.80459,207.58,24.36
1431031595.80331,223.02,24.31
1431031601.80363,207.45,24.18
1431031607.80405,213.38,24.18
1431031613.80436,224.16,24.29
1431031975.85243,224.27,24.63
1431031985.85447,212.03,24.69
1431031991.85481,224.66,24.59
1431031993.85356,212.11,24.39
1431031995.85645,207.73,24.7
1431031997.85507,219.84,24.74
1431031999.85794,224.78,24.57
1431032001.8567,212.08,24.67
1431032003.85551,208.77,24.71
1431032005.8543,218.86,24.78
1431032007.85705,225.02,24.82
1431032009.85978,212.23,24.62
1431032011.85857,209.28,24.45
1431032013.85735,220.55,24.69
1431032015.8602,225.05,24.59
1431032017.85902,212.22,24.8
1431032019.86179,208.09,24.67
1431032021.86075,223.28,24.52
1431032023.85934,224.7,24.62
1431032025.85809,210.73,24.56
1431032027.86089,209.47,24.7
1431032029.85975,224.14,24.67
1431032031.86258,207.86,24.52
1431032033.8613,207.84,24.47
1431032035.86403,216.64,24.5
1431032043.86316,222.11,24.6
1431032451.91541,208.3,24.98
1431032453.91421,206.53,24.85
1431032457.91583,209.72,24.87
1431032459.91455,204.86,24.94
1431032461.91724,218.39,24.99
1431032463.91604,213.3,24.99
1431032465.91482,208.58,25.02
1431032467.91777,218.86,25
1431032469.91651,224.45,25.04
1431032471.91516,216.72,24.77
1431032475.91678,223.55,24.99
1431032477.91555,223.92,24.88
1431032479.91831,210.34,24.81
1431032481.91712,206.58,24.94
1431032483.91593,223.23,25.07
1431032485.91468,209.44,25.19
1431032487.91742,203.31,24.86
1431032489.91624,222.02,25.1
1431032491.91907,207.66,24.94
1431032493.91785,203.42,24.88
1431032497.9194,206.42,25.25
1431032499.91814,204.52,25.26
1431032923.9725,213.59,25.49
1431032925.97127,222.89,25.57
1431032927.97401,225.72,25.61
1431032931.9757,218.27,25.52
1431032933.9745,225.97,25.5
1431032935.97328,216.5,25.53
1431032937.97597,216.2,25.6
1431032939.97484,226.94,25.76
1431032943.97634,213.05,25.4
1431032945.97513,227.33,25.61
1431032951.97555,223.66,25.55
1431033324.02571,223.66,25.61
1431033326.02443,217.27,25.85
1431033328.02718,215.52,25.51
1431033330.02596,223.33,25.8
1431033332.02883,217.39,25.69
1431033334.02743,216.55,25.47
1431033336.02638,223.47,25.82
1431033338.02508,218.88,25.75
1431033340.02796,216.56,26
1431033342.02664,225.22,25.92
1431033344.02951,218.41,25.84
1431033346.02829,215.56,25.95
1431033348.031,226.11,25.96
1431033350.02976,217.95,25.84
1431033352.02855,215.69,25.77
1431033354.02733,226.3,25.84
1431033356.03019,227.33,25.93
1431033358.02895,219.36,25.78
1431033360.03169,227.09,25.87
1431033362.03055,227.47,25.88
1431033364.02933,220.27,25.63
1431033366.032,227.05,25.71
1431033368.03091,225.42,26.13
1431033370.02965,219.28,25.77
1431033372.03235,226.3,25.62
1431033374.03121,225.17,25.9
1431033376.03002,219.8,25.9
1431033380.03552,225.28,25.76
1431033382.03434,219.75,25.77
1431033384.03316,224.84,25.73
1431033392.03618,224.56,25.69
1431033398.03261,225.17,25.8
1431033802.08718,218.05,26.32
1431033806.0887,218.89,26.12
1431033808.08759,220.69,26.21
1431033810.08625,223.91,26.25
1431033812.08915,219.41,26.2
1431033814.08791,225.06,26.16
1431033816.08666,224.13,26.01
1431033818.08939,220.56,26.15
1431033820.08822,225.5,26.22
1431033822.08702,223.84,26.22
1431033824.08971,224.31,25.91
1431033826.08853,224.39,26.19
1431033828.09123,220.7,26.27
1431033830.09001,225.59,26.21
1431033832.08885,225,26.17
1431033834.08763,221.06,26.31
1431033836.09037,226.23,26.22
1431033838.08919,224.83,26.05
1431033840.09203,221.08,26.26
1431033842.09084,226.2,26.02
1431033844.08962,224.78,26.24
1431033846.08828,221.31,26.24
1431033848.09119,225.19,26.08
1431033850.08998,226.03,25.96
1431033852.09271,222.56,26.17
1431033854.09149,224.52,26
1431033860.09195,224.02,26.13
1431033862.09465,226.53,26.14
1431034278.14598,221.16,26.5
1431034280.14483,220.3,26.48
1431034284.14635,223.45,26.56
1431034288.14794,222.28,26.19
1431034290.14667,223.47,26.35
1431034294.14826,220.17,26.35
1431034296.14711,223.53,26.31
1431034314.14804,221.09,26.5
1431034710.19953,224.42,26.62
1431034712.19823,224.27,26.5
1431034714.20106,221.72,26.54
1431034716.19989,223.13,26.55
1431034718.20285,224.64,26.63
1431034720.20145,221.98,26.69
1431034722.20024,221.41,26.77
1431034724.203,224.16,26.61
1431034726.20185,220.88,26.62
1431034728.20465,223.03,26.74
1431034730.20338,223.48,26.52
1431034732.20222,220.83,26.72
1431034734.20487,224.61,26.61
1431034736.20371,223.08,26.47
1431034738.20645,220.81,26.55
1431034742.20408,222.67,26.66
1431034744.20672,222.2,26.4
1431034746.20568,225.77,26.64
1431035152.25907,224.33,26.75
1431035154.26183,220.98,26.78
1431035156.26064,222.52,26.79
1431035158.2594,223.59,26.65
1431035160.25821,219.53,26.94
1431035164.25973,222.55,26.77
1431035166.26245,219.34,26.69
1431035168.26127,218.97,26.64
1431035170.26004,219.03,26.75
1431035172.25884,212.73,26.78
1431035174.26167,216.73,26.85
1431035176.26049,217.86,26.79
1431035178.26326,218.8,26.7
1431035180.26201,220.16,26.73
1431035182.2608,218.98,26.79
1431035184.26352,219.11,26.85
1431035186.26233,223.28,26.67
1431035188.26523,222.48,26.85
1431035190.26404,220.41,26.71
1431035192.26268,222.03,26.76
1431035194.26145,222.77,26.83
1431035196.26432,224.67,26.82
1431035198.2631,220.66,26.86
1431035200.26587,223.84,26.67
1431035204.26739,221.2,26.73
1431035206.26616,224.67,26.76
1431035208.26498,221.94,26.79
1431035620.32284,220.55,26.69
1431035622.32167,217.41,27.3
1431035624.32044,219.95,27.12
1431035626.32337,222.33,27.14
1431035628.32237,220,26.78
1431035630.32483,220.69,27.14
1431035632.32367,223.36,26.99
1431035634.32248,221.09,26.91
1431035636.32521,220.28,26.89
1431035638.32402,223.72,26.98
1431035640.32278,224.08,27.23
1431035642.32151,225.64,27.05
1431035644.32425,221.91,27.1
1431035646.3231,227.09,26.94
1431035648.32599,225.53,27.08
1431035650.32472,222.41,27.02
1431035652.32747,225.08,26.9
1431035654.32622,224.52,27.09
1431035656.32503,221.72,26.86
1431035660.32656,223.42,26.91
1431036080.38344,217.84,27.32
1431036086.38372,224.84,27.31
1431036092.38421,219.86,27.21
1431036094.38303,216.52,27.18
1431036098.38453,217.09,27.47
1431036100.38334,216.34,27.45
1431036104.38486,209.27,27.3
1431036106.38362,209.22,27.42
1431036108.38635,211.81,27.38
1431036110.38534,208.38,27.32
1431036114.3869,212.88,27.29
1431036118.38442,206.95,27.32
1431036560.44817,216.73,27.72
1431036562.44703,213.92,28.12
1431036564.44579,210.39,27.87
1431036568.44738,214.59,27.98
1431036570.44605,213.52,27.96
1431036572.44896,217.42,27.47
1431036574.44761,213.05,27.83
1431036576.45048,216.14,27.92
1431036578.44931,219.86,27.94
1431036580.44813,219.28,27.93
1431036582.45077,217.41,27.73
1431036584.44977,222.38,27.95
1431036586.45234,223.67,27.74
1431036588.45116,222.91,27.98
1431036590.44994,222.09,27.93
1431036592.45273,219.66,27.84
1431036594.45152,222.88,27.88
1431036596.45437,219.14,27.8
1431036598.45318,219.66,27.93
1431036600.45197,216.91,27.94
1431036602.45067,215.48,27.78
1431036604.44949,220.36,27.82
1431036606.45223,216.16,27.96
1431036608.45107,217.97,27.89
1431036610.45391,216.84,27.8
1431036612.45263,214.67,27.99
1431036620.45572,217.14,27.75
1431037030.5108,223.41,28.44
1431037032.50971,220.06,28.3
1431037034.51246,224.19,28.33
1431037036.51125,220.42,28.31
1431037038.51397,225,28.26
1431037040.51281,219.78,28.38
1431037042.51154,221.2,28.44
1431037044.51433,219.19,28.27
1431037046.51311,219.91,28.34
1431037048.51191,221.73,28.49
1431037050.51465,220.59,28.31
1431037052.51342,223.63,28.49
1431037054.51222,222.08,28.1
1431037056.51522,224.02,28.36
1431037058.51793,223.55,28.36
1431037062.51542,222.55,28.31
1431037064.51419,228.05,28.31
1431037066.51705,223.56,28.49
1431037458.57116,217.27,28.86
1431037462.57289,215.98,28.71
1431037464.57157,217.42,28.83
1431037466.57436,217.34,28.76
1431037468.57315,216.84,28.89
1431037470.57197,217.77,28.92
1431037472.57472,214.28,28.75
1431037474.57348,217.13,29.06
1431037476.57643,218.64,28.86
1431037478.57507,218.97,28.87
1431037480.57379,223.41,28.8
1431037482.5766,221.78,29.07
1431037484.57546,220.2,28.79
1431037486.57822,216.56,29
1431037488.57697,215.78,28.96
1431037490.57576,210.97,28.81
1431037492.57849,213.38,28.85
1431037494.57731,210.23,28.92
1431037496.57607,213.28,28.9
1431037498.57899,214.33,28.84
1431037500.57782,215.09,28.84
1431037502.58051,218.91,28.92
1431037504.57926,212.72,28.88
1431037506.57806,216.44,28.82
1431037514.58111,214.8,28.73
1431037878.6365,225.7,29.27
1431037880.63535,222.42,29.25
1431037882.63403,225.14,29.47
1431037886.63565,224.91,29.22
1431037888.63451,221,29.37
1431037890.63721,225.8,29.18
1431037892.63599,220.03,29.21
1431037894.63476,221.8,29.37
1431037896.63352,217.58,29.52
1431037898.63636,222.67,29.4
1431037900.63513,222.41,29.07
1431037902.63798,220.19,29.37
1431037904.63671,218.38,29.27
1431037906.6354,217.34,29.48
1431037908.63831,218.63,29.32
1431037910.63711,216.73,29.39
1431037912.63984,219.73,29.33
1431037914.63872,220.16,29.45
1431037916.63743,223.94,29.17
1431037918.64025,222.91,29.32
1431037920.63909,224.22,29.22
1431037922.6418,226,29.25
1431037924.64056,221.94,29.35
1431037926.63943,223.19,29.23
1431037930.64087,220.23,29.4
1431038340.70426,202.55,25.57
1431038348.70332,205.81,25.57
1431038350.7062,206.81,25.58
1431038352.70499,205.44,25.57
1431038354.70377,205.94,25.58
1431038356.70662,205.09,25.53
1431038358.7053,201.89,25.47
1431038360.70411,205.19,25.29
1431038362.70698,200.39,25.38
1431038364.70576,208.23,25.46
1431038366.70849,202.77,25.6
1431038368.70733,209.58,25.46
1431038370.71003,203.94,25.19
1431038372.70888,208.45,25.19
1431038374.7076,203.53,25.37
1431038376.7105,207.55,25.26
1431038378.70915,204.66,25.09
1431038380.70795,206.41,25.44
1431038382.71086,205.34,25.56
1431038384.70962,204.17,25.4
1431038390.70994,204.56,25.34
1431038786.77394,201.52,25.71
1431038792.77424,202.73,25.5
1431038798.77471,200,25.5
1431038800.77742,200.83,25.4
1431038802.77634,200.69,25.37
1431038804.77508,201.06,25.36
1431038806.77388,195.34,25.89
1431038808.77655,201.47,25.3
1431038810.7754,195.05,25.47
1431038812.77814,201.41,25.36
1431038814.77693,194.58,25.41
1431038816.77569,201.31,25.53
1431038818.77854,194.19,25.47
1431038822.78009,193.25,25.37
1431038824.77891,201.92,25.6
1431038832.77798,199.8,25.43
1431039260.84239,212.38,25.54
1431039262.84528,214.89,25.58
1431039264.84393,210.92,25.47
1431039266.8427,215.88,25.72
1431039268.84556,208.97,25.72
1431039270.84436,215.83,25.85
1431039272.84709,208.14,25.61
1431039274.84593,215.78,25.52
1431039276.8447,207.83,25.54
1431039278.8474,215.94,25.55
1431039280.84626,213.11,25.5
1431039282.84908,215,25.5
1431039284.84793,215.84,25.43
1431039286.84669,215.42,25.57
1431039288.84531,215.41,25.46
1431039290.84822,214.13,25.65
1431039292.847,213.52,25.6
1431039294.84976,212.59,25.64
1431039296.84854,214.83,25.6
1431039298.8514,212.97,25.53
1431039300.85021,216.89,25.61
1431039302.84888,217.44,25.6
1431039306.85054,217.06,25.51
1431039312.85086,210.14,25.82
1431039722.91453,203.39,26.15
1431039728.91472,209.34,26.35
1431039730.91361,209.06,26.21
1431039732.91639,206.61,26.29
1431039734.91521,211.64,26.08
1431039744.91709,211.69,26.25
1431040148.98027,203.39,26.66
1431040150.97888,194.61,26.98
1431040152.97763,197.03,26.99
1431040156.97912,197.55,26.68
1431040158.97807,197.61,27
1431040160.98081,195.09,26.86
1431040162.97961,204.14,26.61
1431040164.97839,196.73,26.66
1431040166.97716,195.16,26.58
1431040168.97989,196.44,26.7
1431040170.97869,192.98,26.55
1431040172.98155,199.53,26.58
1431040174.98039,193.27,26.63
1431040176.97904,192.61,26.56
1431040178.98189,198.81,26.72
1431040180.98071,192.11,26.57
1431040182.97948,199.75,26.85
1431040184.98222,194.59,26.94
1431040186.98101,195.22,26.48
1431040188.98376,197.83,26.7
1431040190.98267,200.2,26.71
1431040192.98133,204.77,26.68
1431040194.98421,197.5,26.67
1431040196.98694,198.39,26.83
1431040198.98571,197.88,26.72
1431040200.98456,197.06,26.5
1431040206.9849,206.86,26.7
1431040627.05028,206.38,27.26
1431040629.04917,206.38,27.19
1431040635.04946,203.89,27.03
1431040637.05228,205.39,27.28
1431040639.05114,213.64,27.2
1431040641.04977,205.66,27.23
1431040643.05271,207.45,26.98
1431040645.05144,215.41,27.05
1431040647.05418,210.31,27.25
1431040649.05297,213.22,27.15
1431040651.05188,212.44,26.96
1431040653.05053,216.22,26.99
1431040655.05341,212.72,27.01
1431040657.0522,210.89,27.03
1431040661.05379,207.83,27.04
1431040663.05256,215.78,27.22
1431040667.05411,215.02,27.04
1431040673.0544,208.08,27.08
1431041071.11721,211.84,27.58
1431041077.1176,213.86,27.45
1431041083.11813,217.09,27.67
1431041087.1196,210.84,27.51
1431041089.11842,217.58,27.61
1431041091.12104,215.58,27.58
1431041093.12006,214.66,27.47
1431041095.11867,211.52,27.5
1431041097.11744,210.72,27.78
1431041099.12019,214.8,27.43
1431041105.12065,214.66,27.44
1431041501.18051,186.36,27.99
1431041507.18089,180.72,27.96
1431041511.18236,183.36,27.89
1431041513.18115,190.73,27.98
1431041515.17994,186.08,27.87
1431041519.18148,183.53,27.87
1431041521.18028,183.19,27.93
1431041523.18315,187.41,27.96
1431041525.18194,194.55,27.48
1431041527.18071,189.67,27.66
1431041529.18347,189.95,27.86
1431041531.1823,184.91,27.96
1431041533.18515,184.89,28
1431041535.1839,187.66,27.84
1431041541.1843,189.8,27.84
1431041939.24303,188.06,28.33
1431041947.24611,181.2,28.2
1431041949.24488,177.34,28.22
1431041951.24365,179.72,27.97
1431041953.24658,177.41,28.37
1431041955.24536,178.09,28.29
1431041957.24814,183.09,28.34
1431041959.24688,187.92,28.23
1431041961.24561,178.3,28.37
1431041963.24441,176.89,28.13
1431041965.2472,178.59,27.97
1431041967.24996,183.83,28.35
1431041969.24886,177.44,28.33
1431041971.24753,180.89,28.23
1431041973.25033,189.53,28.14
1431041975.24917,183.3,28.14
1431041977.24793,177.3,28.32
1431041979.25072,179.25,28.33
1431041981.24946,175.77,28.09
1431041983.25227,173.44,28.14
1431041985.2511,178.34,28.12
1431041987.24975,185.17,28.25
1431041989.25273,175.66,28.43
1431041991.25142,177.44,28.04
1431041993.2502,177.28,28.33
1431041995.2529,181,28.24
1431041997.2518,189.27,28.09
1431041999.25061,195.98,28.16
1431042401.31071,199.11,28.58
1431042409.31406,199.19,28.62
1431042411.3127,204.09,28.36
1431042413.3154,197.92,28.54
1431042415.31422,204.33,28.55
1431042417.31312,205.5,28.47
1431042419.31588,205.14,28.49
1431042421.31469,208.14,28.45
1431042423.31347,202.66,28.46
1431042425.31618,204.2,28.37
1431042427.31503,209.14,28.57
1431042429.31377,205.89,28.55
1431042431.31651,204.31,28.73
1431042433.31534,205.89,28.37
1431042435.31817,200.19,28.69
1431042437.317,205.55,28.24
1431042439.31566,210.7,28.49
1431042441.31853,209.36,28.52
1431042443.31733,207.06,28.57
1431042445.32003,211.02,28.39
1431042447.31887,207.19,28.54
1431042449.31765,206.98,28.34
1431042453.31917,206.86,28.52
1431042459.31962,202.67,28.59
1431042461.3184,200.02,28.55
1431042869.38317,207.58,29
1431042875.37942,203.27,28.75
1431042879.38484,215.27,28.69
1431042883.38255,211.22,28.74
1431043305.44665,219.91,29.1
1431043313.44571,219.09,28.95
1431043315.44862,220.03,29.32
1431043317.44741,220.03,29.16
1431043321.44888,212.75,28.97
1431043323.44774,216.95,28.95
1431043325.44649,218.52,29.1
1431043327.44925,219.09,29.12
1431043329.45201,210.77,28.99
1431043331.45093,214.08,29.16
1431043333.44959,217.94,29.01
1431043335.44837,218.77,28.96
1431043337.45127,215.69,29.11
1431043339.45004,218.13,29.14
1431043341.45281,221.19,28.96
1431043343.45154,220.08,29.21
1431043345.45036,219.69,29.13
1431043347.4531,218.08,29.06
1431043349.45189,217.56,29.02
1431043351.45476,213.31,29.19
1431043353.45356,214,29.19
1431043355.4522,215.72,28.9
1431043357.45098,216.03,29.05
1431043359.45387,215.97,29.05
1431043361.45265,216.61,29.06
1431043363.45543,209.95,28.91
1431043365.45421,210.09,29
1431043367.45297,214.05,29.05
1431043369.45569,216.45,28.97
1431043371.4545,216.64,29.07
1431043373.45739,216.48,29.05
1431043785.51579,204.64,29.49
1431043787.51449,204.5,29.39
1431043789.51743,203.08,29.2
1431043791.51621,202.67,29.11
1431043793.51891,203.06,29.33
1431043795.51771,206.2,29.3
1431043797.51644,198.91,29.33
1431043799.5193,199.36,29.32
1431043801.51821,198.7,29.26
1431043803.52091,197.92,29.67
1431043805.51972,198.28,29.52
1431043807.51837,197.27,29.39
1431043809.52134,197.09,29.46
1431043811.52001,195.05,29.52
1431043813.52285,196.25,29.46
1431043815.52159,196.61,29.16
1431043817.52036,200.08,29.31
1431043819.5191,202.02,29.01
1431043821.52196,202.88,29.5
1431043823.52064,201.77,29.25
1431043827.52236,200.89,29.18
1431043833.52262,197.59,29.16
1431044249.58649,205.5,29.59
1431044255.58697,204.86,29.78
1431044259.58847,205.73,29.58
1431044261.58732,207.06,29.72
1431044267.58763,208.88,29.71
1431044269.5864,209.28,29.78
1431044673.64972,216.95,29.85
1431044675.64854,216.95,30.04
1431044677.65125,217.17,29.93
1431044679.65013,217.55,30.14
1431044681.64885,217.64,30.23
1431044685.65052,210.86,30.1
1431044687.64921,210.38,29.89
1431044689.65205,211.84,30.21
1431044691.6509,214.84,29.97
1431044693.65371,218.14,30.11
1431044695.65242,218.83,30.12
1431044697.65123,219.52,30
1431044699.65,216.61,29.84
1431044701.65282,223.97,29.73
1431044703.6515,224.64,29.82
1431044705.65435,222.66,29.92
1431044707.65314,222.14,29.89
1431044709.65195,215.64,30.07
1431044711.65468,218,29.92
1431044713.65341,220.88,29.91
1431044715.65616,220.11,29.88
1431044717.65503,218.09,29.8
1431045127.71456,196.39,29.98
1431045129.71333,195.69,29.85
1431045135.71363,198.88,29.86
1431045137.71651,191.73,30.12
1431045139.71519,194.25,29.94
1431045141.71804,188.41,30.01
1431045143.71684,186.33,30.08
1431045145.71565,193.7,29.92
1431045147.71429,187.92,30.01
1431045149.71719,184.67,29.95
1431045151.71596,185.23,29.86
1431045153.71869,184.84,29.98
1431045155.71751,188.16,29.91
1431045157.71636,178.95,30.17
1431045159.71506,188.94,30.07
1431045161.71795,190.31,29.94
1431045163.7166,181.3,30.18
1431045165.71949,181.72,29.98
1431045167.71831,185.47,29.97
1431045169.72098,185.66,29.81
1431045171.71982,187.03,30.11
1431045173.7186,192.25,29.93
1431045175.72148,190.38,30.09
1431045177.72012,187.36,29.88
1431045179.7189,180.36,30.03
1431045181.72176,176.53,29.89
1431045183.72059,181.31,29.96
1431045185.71922,174.38,29.83
1431045187.72219,177.23,30.04
1431045195.72124,175.63,29.99
1431045591.77727,215.48,30.25
1431045599.78036,214.09,30.29
1431045601.77914,213.48,30.36
1431045603.78201,213.75,30.02
1431045605.78086,213.52,30.05
1431045607.77959,213.97,30.3
1431045609.78232,213.92,30.28
1431045611.78113,213.27,30.16
1431045613.77989,214.7,30.43
1431045615.78268,210.25,30.09
1431045617.78158,207.48,30.14
1431045619.78434,207.7,30.16
1431045621.78312,209.34,30.31
1431045623.78177,212.56,30.28
1431045625.78068,219.69,30.42
1431045627.78344,223.59,30.41
1431045629.78222,224.63,30.15
1431045631.78494,218.09,30.12
1431045633.78376,214.61,30.18
1431045635.78647,216.34,30.39
1431045637.78528,212.42,30.26
1431045639.78408,209.42,30.41
1431045641.78695,208.59,30.29
1431045643.78578,207.95,30.16
1431045645.78848,207.94,30.4
1431045647.78732,208.39,30.2
1431045649.78606,209.8,30.25
1431045651.78896,210.91,30.25
1431045655.78639,215.31,30.13
1431045659.78809,218.09,30.36
1431045665.78838,216.34,30.4
1431046063.84725,200.55,30.73
1431046065.84997,201.25,30.54
1431046067.84893,193.47,30.5
1431046069.84755,196.92,30.66
1431046071.84637,197.45,30.52
1431046073.84909,196.84,30.44
1431046075.84803,194.02,30.53
1431046077.85075,197.03,30.47
1431046079.84957,197.47,30.58
1431046083.85117,197.2,30.35
1431046085.8499,196.88,30.65
1431046089.85141,196.63,30.39
1431046719.94559,7.94,30.77
1431046725.94592,8.02,30.83
1431046729.94762,7.94,30.99
1431046731.94634,7.95,30.81
1431046733.94518,7.97,30.75
1431046735.94791,7.92,31.01
1431046739.94962,8.02,30.87
1431047154.00643,7.84,30.95
1431047160.00674,7.92,30.94
1431047194.01013,7.83,30.76
1431047196.01285,8,30.97
1431047216.01683,7.94,31.06
1431047218.01552,8,31
1431047220.01838,7.91,31.04
1431047222.01715,7.97,31.18
1431047224.01597,7.86,31.03
1431047264.02361,7.73,31.35
1431047268.02533,8.11,31.22
1431047270.0241,7.72,31.06
1431047276.02444,7.86,31.33
1431047280.02591,7.88,31.17
1431047282.02485,7.89,31.32
1431047284.02758,7.69,31.02
1431047286.02628,7.78,31.14
1431047288.02505,7.89,31.01
1431047290.02395,7.7,31.01
1431047292.02668,7.83,31.09
1431047294.0255,7.73,31.15
1431047296.02822,7.83,30.88
1431047298.02706,7.83,30.98
1431047300.02978,7.89,31.24
1431047302.02859,7.8,31.18
1431047304.0274,7.8,31.03
1431047306.03021,7.91,30.98
1431047308.02903,7.84,31.13
1431047310.03181,7.88,31.17
1431047318.0309,7.91,31.05
1431047320.02968,7.91,30.95
1431047322.03261,7.91,31.19
1431047324.03134,7.91,30.95
1431047326.03411,7.8,31.13
1431047382.04026,7.86,30.88
1431047388.04051,7.81,31.19
1431047390.03933,7.91,31.46
1431047392.04212,7.63,31.2
1431047396.04376,7.97,31.14
1431047398.04248,7.81,31.01
1431047400.04121,7.89,31.42
1431047402.03996,7.88,31.31
1431047404.04282,7.83,31.38
1431047406.04551,7.8,31.28
1431047408.04455,7.84,31.17
1431047412.04599,7.67,31.43
1431047414.04481,7.86,31.14
1431047416.04358,7.89,31.34
1431047482.0555,7.78,31.19
1431047974.12909,10.22,31.44
1431047976.12795,11.75,31.37
1431047978.12684,14.02,31.52
1431047980.12548,14.34,31.27
1431047982.12838,23.11,31.27
1431047984.12704,15.56,31.26
1431047986.12989,11.42,31.35
1431047988.12869,14.42,31.45
1431047990.12747,16.14,31.4
1431047992.1302,25.61,31.32
1431047994.12903,28.11,31.03
1431047996.12778,16.58,31.37
1431047998.1266,14.06,31.22
1431048000.12935,18.02,31.25
1431048002.12812,19.37,31.12
1431048004.13101,30.98,31.24
1431048006.12979,30.3,31.28
1431048008.13252,15.73,31.4
1431048010.13133,18.12,31.4
1431048012.1301,21.59,31.29
1431048014.12892,29.77,31.36
1431048016.13169,35.73,31.2
1431048470.19652,67.44,31.62
1431048472.19929,73,31.6
1431048474.19807,76.78,31.71
1431048480.20233,64.91,31.62
1431048500.20225,80.08,31.7
1431048502.20101,65.17,31.43
1431048504.20388,69.14,31.63
1431048506.20259,76.84,31.58
1431048508.20545,68.31,31.35
1431048510.20423,94.2,31.64
1431048512.20695,77.3,31.65
1431048514.2058,68.05,31.56
1431048516.20455,72.95,31.62
1431048518.20331,80.19,31.5
1431048520.2062,71.73,31.52
1431048522.2049,91.27,31.41
1431048524.20776,70.2,31.44
1431048526.20652,69.09,31.15
1431048528.20928,75.33,31.68
1431048530.20821,73.25,31.33
1431048532.20683,92.89,31.5
1431048534.20563,71.72,31.48
1431048536.20838,65.14,31.36
1431048538.20733,73.14,31.59
1431048540.21007,76.67,31.45
1431048542.20885,91.09,31.6
1431048546.21039,63.48,31.49
1431048548.2092,69.47,31.36
1431048552.21077,82.39,31.48
1431048976.27382,87.28,31.78
1431048978.27648,84.22,31.58
1431048980.27553,91.94,31.71
1431048982.27412,86.47,31.75
1431048988.27451,78.48,31.95
1431048992.27611,78.47,31.69
1431048994.27485,84.89,31.71
1431048996.27759,101.33,31.72
1431048998.27646,93.41,31.82
1431049000.27514,73.36,31.7
1431049002.27402,78.56,31.83
1431049004.27671,86,31.62
1431049006.27552,93.16,31.68
1431049008.27823,96.47,31.75
1431049010.27718,91.37,31.71
1431049492.34886,68.33,31.9
1431049494.34768,77.77,31.88
1431049496.35041,83.03,31.84
1431049498.34923,79.77,31.72
1431049500.34799,89.34,31.81
1431049502.3507,72.72,31.9
1431049504.34956,71.16,32.07
1431049506.34834,79.45,31.7
1431049508.3471,87.58,31.64
1431049510.34984,86.33,31.84
1431049512.34867,95.66,31.65
1431049514.35151,85.62,31.78
1431049516.35033,71.31,31.79
1431049880.40555,97.94,32.07
1431049884.40712,102.98,31.99
1431049886.40592,84.27,32.05
1431049888.40483,89.69,32.04
1431049890.40743,99.95,32
1431049892.40625,103.39,31.95
1431049894.40503,88.27,32.08
1431049896.40395,106.5,31.82
1431049898.40667,93.72,31.91
1431049900.40545,82.47,32.01
1431049902.40822,85.11,31.86
1431049904.41107,91.83,31.89
1431049906.40991,98.05,32.02
1431049908.4087,102.73,32.01
1431049910.40731,102.58,31.71
1431049912.4061,87.59,31.96
1431049914.40895,108.47,31.89
1431049916.40781,94.08,31.92
1431049918.41053,83.11,31.96
1431049920.4093,86.12,32
1431049926.40967,103.2,32.09
1431049928.40841,102.58,31.91
1431050338.47191,84.86,32.04
1431050340.4706,94.91,32.18
1431050344.46817,102.55,32.28
1431050346.47107,87.45,32.17
1431050348.46974,102.94,32.07
1431050350.47243,85,32.21
1431050352.47143,84.69,32.05
1431050354.47422,92.73,31.99
1431050356.47296,100.25,32.25
1431050358.47168,102.08,31.95
1431050360.47448,92.08,32.21
1431050362.47327,97.31,32.2
1431050364.47205,84.33,32.16
1431050366.47475,93.12,32.21
1431050368.47362,102.34,32.08
1431050370.47241,105.05,31.89
1431050372.47523,98.19,31.98
1431050374.47407,94.87,32.17
1431050800.53966,93.89,32.2
1431050804.54118,110.27,32.5
1431050806.53997,107.36,32.26
1431050814.5391,109.97,32.28
1431050820.53955,89.56,32.06
1431050826.53992,109.67,32.38
1431050828.54261,110.59,32.14
1431050830.54154,103.92,32.35
1431050836.5417,105.92,32.45
1431050838.5406,107.97,32.18
1431050842.54216,90.41,32.29
1431051238.60204,101.36,32.53
1431051244.6023,115.08,32.47
1431051250.60263,101.7,32.19
1431051258.60177,98.92,32.38
1431051262.60344,119.11,32.36
1431051264.6022,113.22,32.39
1431051266.60498,122.48,32.38
1431051268.60781,104.44,32.58
1431051270.60664,105.53,32.2
1431051272.60542,115.53,32.5
1431051274.60405,121.2,32.41
1431051276.60695,115.64,32.46
1431051278.60575,124.58,32.34
1431051280.60453,106.67,32.58
1431051282.60723,105.02,32.38
1431051284.60605,116.31,32.18
1431051286.60484,121.45,32.31
1431051776.67154,121.87,32.79
1431051784.67067,114.58,32.59
1431051786.66941,123.97,32.42
1431051788.67226,114.62,32.62
1431051792.66985,106.67,32.51
1431051794.67254,119.42,32.53
1431051796.67133,123.89,32.39
1431051798.67016,120.17,32.49
1431051800.67291,108.03,32.69
1431051802.67169,109.59,32.37
1431051804.67457,121.2,32.49
1431051806.67338,124.03,32.69
1431051808.67615,121.22,32.55
1431051810.67491,106.81,32.41
1431051812.67368,110.84,32.57
1431051814.67245,122.25,32.42
1431051816.67519,123.09,32.47
1431051818.67401,120.66,32.6
1431051820.67276,105.17,32.38
1431051822.67549,114.59,32.31
1431051824.67434,124.36,32.35
1431051826.67311,113.92,32.38
1431051828.67187,118.52,32.42
1431051830.67468,103.66,32.39
1431051832.67343,115.22,32.4
1431051836.6751,106.02,32.45
1431051842.67539,114.67,32.58
1431052302.74026,118.37,32.54
1431052304.73914,125.84,32.73
1431052306.74181,130.02,32.56
1431052308.74064,129.47,32.45
1431052310.73942,113.42,32.67
1431052314.74106,121.22,32.74
1431052316.73971,108.28,32.73
1431052320.74134,115.44,32.54
1431052322.74021,121,32.57
1431052324.73882,124.86,32.52
1431052326.74167,128,32.44
1431052328.74048,128.59,32.47
1431052352.74187,132.05,32.62
1431052762.80518,102.39,32.6
1431052768.80533,106.2,32.8
1431052774.80563,120.45,32.83
1431052778.80737,101.64,32.68
1431052780.80621,109.36,32.64
1431052782.80898,119.97,32.79
1431052784.8077,119.41,32.77
1431052786.80649,109.87,32.82
1431052788.80916,101.64,32.76
1431052790.80809,113.48,32.75
1431052792.80674,121.12,32.79
1431052794.8096,115.84,32.82
1431052796.8084,113.42,32.69
1431052798.80718,100.53,32.65
1431052800.80582,108.34,32.68
1431052802.8046,116.89,32.99
1431052804.80747,119.66,32.76
1431052808.80505,107.55,32.95
1431053320.85788,126.72,32.8
1431053322.86078,118.87,33
1431053324.86348,114.64,32.57
1431053326.86231,127.31,32.88
1431053328.86501,129.98,32.77
1431053330.86401,122.02,32.89
1431053332.86259,111.37,32.64
1431053334.86154,123.78,32.81
1431053336.86017,130.22,32.71
1431053338.86283,119.36,33.05
1431053340.86164,111.66,32.86
1431053342.86063,125.95,32.72
1431053344.86328,129.27,32.53
1431053346.86212,117.62,32.66
1431053348.86485,116.36,32.99
1431053350.86363,128.56,32.67
1431053352.86251,121.7,32.75
1431053354.86522,115.37,32.55
1431053358.86685,128.03,32.74
1431053366.86604,123.02,32.94
1431053368.86477,129.86,32.79
1431053372.86632,112.86,32.78
1431053378.86656,127.39,32.87
1431053380.86534,113.94,32.75
1431053830.91602,129.36,32.94
1431053832.91481,118.78,32.89
1431053834.91773,110.55,32.92
1431053836.92035,117.83,33
1431053838.91926,129.17,32.72
1431053840.91798,122.78,32.75
1431053842.91679,118.53,33.01
1431053844.91954,111.3,32.87
1431053846.91835,124.62,33
1431053848.91719,129.05,33.02
1431053850.91993,121.84,32.79
1431053852.91877,109.66,32.99
1431053854.91743,122.81,32.91
1431053856.92024,127.75,32.81
1431053858.91908,119.3,32.7
1431053860.91787,108.19,32.84
1431053862.92064,120.25,32.67
1431053864.91934,128.92,32.91
1431053866.92221,111.67,32.72
1431053868.92091,116.17,32.7
1431053870.92378,110.11,32.48
1431053872.92255,124.02,32.92
1431053874.92131,127.81,33.05
1431054360.978,118.55,33
1431054362.97688,116.23,32.86
1431054366.97843,131.7,32.96
1431054368.98125,134.23,32.86
1431054370.98007,129.81,32.99
1431054372.97886,115.67,32.93
1431054374.98164,126.58,33
1431054376.9804,135.42,32.92
1431054827.03102,21.58,32.91
1431054829.02988,26.11,33.01
1431054843.03346,36.25,32.89
1431054845.0322,41.2,32.87
1431054847.03497,36.03,33.09
1431054849.0337,49.42,32.96
1431054851.03249,43.08,32.94
1431054853.03531,29.23,32.97
1431054855.03398,31.34,32.86
1431054857.03282,38.33,32.66
1431054859.03162,42.47,32.87
1431054861.03444,37.83,33.23
1431054863.0333,50.61,33.08
1431054865.03593,47.67,33.1
1431054867.03484,32.69,33.03
1431054869.03356,31.14,32.99
1431054871.03628,35.83,33.12
1431054879.03549,54.16,32.92
1431055323.08972,75.52,33.08
1431055327.09142,81.91,33.12
1431055329.09012,70.34,33.07
1431055331.08886,64.08,33.2
1431055333.09177,70.37,33.11
1431055335.09056,75.5,33.15
1431055337.08921,70.05,33.08
1431055339.0921,79.47,32.94
1431055341.09087,64.27,32.95
1431055343.08964,63.77,33.14
1431055345.09235,71.55,33.13
1431055347.0912,75.66,33.22
1431055349.08996,64.55,32.96
1431055351.09278,78.27,33.14
1431055353.09148,62.55,33.02
1431055355.09029,65.62,33.08
1431055357.09297,74.2,33.16
1431055359.09189,72.14,33.02
1431055361.09054,76.25,33.19
1431055363.08935,61.88,33.01
1431055365.08813,68.44,33.19
1431055369.08981,70.72,32.81
1431055371.09258,78.86,32.84
1431055885.14013,80.05,32.95
1431055887.13874,84.41,33.05
1431055889.14163,69.53,33.02
1431055891.14433,75,33.01
1431055893.14319,82.08,33.24
1431055895.14194,72.23,33.15
1431055897.14091,80.16,33.17
1431055899.1395,69,32.99
1431055901.1423,76.72,33.08
1431055903.14105,82.23,33.07
1431055905.13995,72.25,32.99
1431055907.14265,79.14,32.85
1431055909.14148,69.5,33.06
1431055911.14017,77.66,33.17
1431055913.139,82.95,32.98
1431055915.14182,71.97,33.07
1431055917.14057,80.52,33.18
1431055919.14328,69.23,33.04
1431055921.14213,76.44,33.16
1431055923.14501,82.36,33.17
1431055925.14379,71.8,32.99
1431055927.14244,83.14,32.93
1431055929.14532,69.39,33.09
1431055931.14409,75.66,32.88
1431055933.14684,82.39,33.21
1431055935.14564,71.28,33.1
1431055937.14439,78.78,33.01
1431055939.14733,70.11,32.99
1431055941.146,80.27,33.01
1431055943.14474,75.91,33.27
1431055945.14352,75.31,33.02
1431055947.14642,71.5,33.06
1431055949.1452,81.83,33.15
1431055951.14792,73.02,32.96
1431055957.14826,75.95,33.06
1431055959.14706,82.02,33.05
1431056433.19903,86.72,33.19
1431056435.19787,91.83,33.16
1431056441.20221,84.52,33.28
1431056443.20098,91.36,33.04
1431056445.20383,95.75,33.28
1431056447.20248,78.55,33.03
1431056449.2013,82.52,33.29
1431056451.20007,90.17,33.31
1431056453.20296,90.58,32.97
1431056455.20159,84.66,33.43
1431056457.20037,78.84,33.13
1431056459.20325,88.55,33.36
1431056461.20203,86.98,33.22
1431056463.2007,94.22,33.29
1431056465.19947,77.02,33.02
1431056467.20239,83.66,33.07
1431056469.20514,91.08,33.22
1431056471.20391,94.59,33.15
1431056473.20676,77.52,33.06
1431056475.2056,81.64,33.21
1431056477.2083,90.84,33.28
1431056479.2071,78.3,32.96
1431056481.2059,88.03,33.01
1431056483.20467,76.22,33.32
1431056485.20748,81.45,32.93
1431056487.20635,87.39,32.87
1431056491.20789,76.69,33.22
1431056493.20652,74.86,32.99
1431056981.25802,96.72,33.16
1431056987.25835,89.28,33.28
1431056993.25881,83.08,33.27
1431057007.25816,95.47,33.22
1431057013.25442,90.75,33.27
1431057019.25482,91.78,33.26
1431057021.25758,84.41,33.22
1431057023.25639,94.58,33.41
1431057499.30724,96.92,33.38
1431057501.30595,91.36,33.43
1431057503.30479,98.7,33.33
1431057505.30767,83.37,33.33
1431057507.30631,89.87,33.26
1431057509.30916,97.09,33.16
1431057511.31189,86.97,33.4
1431057513.31075,96.23,33.32
1431057515.31343,84.75,33.02
1431057517.31237,93.3,33.34
1431057519.3111,98.59,33.23
1431057521.30988,100.14,33.11
1431057523.31253,88.91,33.14
1431057525.31147,86.45,33.26
1431057527.31014,96.19,33.05
1431057529.31293,98.73,33.33
1431057531.31172,100.86,33.34
1431057533.31058,90.86,33.3
1431057535.30921,85.02,33.21
1431057537.3121,94.44,33.09
1431057539.3109,97.61,33.17
1431057541.30969,101.17,33.29
1431057543.31243,89.42,33.4
1431057545.31118,84.33,33.11
1431057547.31003,94.7,33.36
1431057549.31269,97.17,33.15
1431057551.3115,101.12,33.07
1431057557.31599,93.34,33.11
1431058017.36856,97.62,33.14
1431058019.36725,81.98,33.18
1431058021.37,90.59,33.27
1431058023.36881,97.61,33.33
1431058025.36757,97.56,33.27
1431058029.36907,86.59,33.42
1431058035.36949,85.77,33.13
1431058037.36836,87.17,33.15
1431058039.3671,97.56,33.49
1431058041.36575,95.44,33.12
1431058047.36619,96.48,33
1431058595.4253,82.09,33.28
1431058605.4272,85.3,33.46
1431058611.42747,81.02,33.18
1431058615.42918,95.34,33.25
1431058617.4279,92.81,33.39
1431058621.4294,86.81,33.19
1431058623.42842,94.41,33.37
1431058625.42695,92.7,33.31
1431058629.42853,83.7,32.91
1431058631.42729,93.77,33.24
1431058635.42892,87.92,32.93
1431058637.42763,80.94,32.96
1431058641.42929,93.7,33.38
1431059137.49182,96.52,33.27
1431059139.49067,95.48,33.19
1431059145.49108,96.95,33.13
1431059147.48974,96.69,33.22
1431059149.48859,81.95,33.34
1431059151.49137,88.95,33.28
1431059153.49016,96.09,33.21
1431059155.48893,94.83,33.17
1431059157.49166,82.16,33.17
1431059159.49048,87.52,33.32
1431059161.48924,95.73,33.32
1431059163.48801,93.87,33.16
1431059165.49079,83.98,33.17
1431059167.48957,87.05,33.26
1431059169.48833,96.02,33.3
1431059171.49109,87.89,33.45
1431059177.49156,94.58,33.15
1431059707.54954,91.81,33.32
1431059709.55231,85.37,33.53
1431059711.55113,95.98,33.48
1431059713.54986,96.92,33.49
1431059715.5486,98.97,33.13
1431059717.55134,82.62,33.15
1431059719.55016,90.41,33.41
1431059721.54903,97.69,33.23
1431059723.55168,91.02,33.39
1431059725.55054,88.75,33.37
1431059727.54923,96.58,33.35
1431059729.54805,108.45,33.16
1431059731.55073,104.5,33.3
1431059733.54973,101.36,33.28
1431059735.54837,94.12,33.48
1431059737.55124,105.87,33.31
1431059739.55414,105.64,33.4
1431059741.55279,104.87,33.34
1431059745.5545,102.64,33.49
1431059747.55323,108.05,33.34
1431059753.5536,98.66,33.14
1431059759.55391,90.36,33.4
1431059761.55256,99.44,33.29
1431059765.55424,103.89,33.22
1431059767.55296,90.11,33.49
1431059771.55457,100.48,33.33
1431059773.55326,94.39,33.14
1431059775.55203,95.45,33.18
1431060171.59143,90,33.29
1431060173.59025,94.55,33.35
1431060177.59174,98.39,33.29
1431060179.59053,101.97,33.52
1431060181.59324,100.36,33.48
1431060183.5921,87.25,33.46
1431060185.59084,91.67,33.28
1431060187.58969,101.67,33.36
1431060189.59232,102.02,33.46
1431060191.59116,101.44,33.31
1431060193.58997,88.16,33.7
1431060195.59278,92.5,33.19
1431060197.59147,101.59,33.41
1431060199.59431,103.39,33.08
1431060201.59313,102.67,33.33
1431060203.59582,89.97,33.52
1431060205.5947,93.44,33.42
1431060207.59348,101.95,33.3
1431060209.59632,103.3,33.57
1431060211.59505,101.64,33.38
1431060213.59379,88.94,33.4
1431060215.59259,97.73,33.25
1431060217.59534,104.09,33.3
1431060219.59416,96.27,33.34
1431060221.59299,92.37,33.2
1431060223.59576,92.69,33.1
1431060225.59454,102.81,33.29
1431060227.59718,103.78,33.39
1431060229.59614,102.89,33.13
1431060231.59479,89.16,33.34
1431060237.59925,91.5,33.3
1431060239.59799,94.27,33.28
1431060245.59831,101.97,33.32
1431060687.64169,106.2,33.52
1431060691.6432,92.55,33.34
1431060695.64084,107.08,33.61
1431060697.64365,108.7,33.45
1431060699.64244,91.22,33.43
1431060701.64523,103.16,33.53
1431060703.644,107.39,33.33
1431060705.64675,107.02,33.45
1431060707.64556,93.59,33.44
1431060709.64433,105.16,33.57
1431060711.64719,95.72,33.57
1431060713.646,96.08,33.43
1431060715.64465,97.75,33.47
1431060717.6475,108.39,33.42
1431060719.64631,107.23,33.45
1431060721.64506,92.45,33.6
1431060723.64386,104.98,33.36
1431060725.64659,99.61,33.42
1431060727.64539,97.44,33.52
1431060729.64813,97.03,33.27
1431060731.64707,107.36,33.24
1431060737.6474,101.59,33.18
1431061079.6959,97.66,33.23
1431061083.69747,95.95,33.39
1431061085.69613,105.39,33.41
1431061087.69897,105.03,33.55
1431061089.6978,106.83,33.45
1431061091.69657,91.78,33.43
1431061093.69922,102.81,33.57
1431061095.6981,107.94,33.31
1431061097.69687,107.37,33.32
1431061099.6996,92.75,33.62
1431061101.69835,100.95,33.4
1431061103.69722,102.84,33.6
1431061105.69597,109.03,33.42
1431061109.69753,97.86,33.48
1431061111.69628,100.56,33.34
1431061115.69792,91.69,33.28
1431061117.69674,98.7,33.63
1431061119.69941,108.16,33.52
1431061121.69828,99.69,33.53
1431061123.70104,95.87,33.5
1431061129.70151,107.2,33.33
1431061521.74321,92.14,33.7
1431061547.74352,94.22,33.36
1431061549.74624,104.72,33.46
1431061551.74507,104.39,33.48
1431061553.74785,88.75,33.35
1431061979.78911,96.78,33.38
1431061981.79178,108.23,33.69
1431061983.79083,102.37,33.56
1431061985.78945,94.67,33.43
1431061987.79217,99.27,33.46
1431061989.79111,107.02,33.63
1431061991.7899,107.55,33.43
1431061995.79139,102.2,33.19
1431061997.79023,106.25,33.43
1431062001.79165,93.34,33.4
1431062003.79049,104.87,33.5
1431062005.78938,94.61,33.52
1431062007.79215,93.75,33.54
1431062009.7949,98.62,33.33
1431062011.79371,107,33.23
1431062013.79658,104.8,33.48
1431062017.79412,105.09,33.43
1431062019.79286,97.37,33.54
1431062021.79548,92.08,33.5
1431062449.83965,98.84,33.32
1431062455.83991,103.17,33.53
1431062457.8387,90.52,33.53
1431062459.83752,102.06,33.55
1431062461.8363,106.95,33.71
1431062465.83781,89.78,33.53
1431062467.8366,98.86,33.8
1431062471.84221,99.25,33.6
1431062473.84105,95.25,33.38
1431062475.83981,94.7,33.59
1431062477.83858,104.64,33.45
1431062479.84136,106.87,33.61
1431062481.84011,109.02,33.49
1431062483.83888,96.41,33.49
1431062485.8418,91.08,33.62
1431062487.84046,100.16,33.57
1431062489.83923,107.84,33.52
1431062491.84194,104.66,33.78
1431062493.8409,111.14,33.36
1431062495.83955,102.47,33.56
1431062497.84239,89.23,33.61
1431062499.84121,94.44,33.52
1431062501.83998,103.36,33.45
1431062503.84277,107.53,33.41
1431062505.84152,95.58,33.25
1431062507.84439,102.31,33.46
1431062909.88414,109.69,33.67
1431062911.88292,106.22,33.49
1431062913.88563,93.37,33.51
1431062915.88456,105.78,33.5
1431062917.88321,107.7,33.5
1431062921.88485,94.12,33.45
1431062923.88368,106.5,33.27
1431062925.88643,107.34,33.45
1431062927.8893,102.55,33.57
1431062929.8881,94.39,33.21
1431062931.88691,107.44,33.46
1431062933.8896,103.77,33.57
1431062935.88843,96.34,33.54
1431062937.8872,99.94,33.39
1431062939.88994,110.47,33.64
1431062941.88873,105.95,33.39
1431062943.88755,93.64,33.45
1431062945.89024,105.84,33.67
1431062947.88908,109.78,33.38
1431062949.88787,103.27,33.57
1431062951.88661,95.3,33.41
1431062953.88952,108.56,33.28
1431063459.94631,101.5,33.57
1431063463.9479,105.55,33.5
1431063465.94668,94.08,33.41
1431063467.94545,99.97,33.32
1431063471.94689,95.75,33.5
1431063473.94579,97.23,33.37
1431063477.94717,107.81,33.66
1431063479.94623,103.06,33.62
1431063485.94636,106.48,33.57
1431063495.94429,108.83,33.52
1431063497.94305,106.41,33.39
1431063501.94467,101.12,33.61
1431063503.94344,108.56,33.42
1431063507.94495,93.47,33.44
1431063509.9437,105.39,33.48
1431063513.94525,103.02,33.59
1431063887.99426,105.37,33.58
1431063895.9934,107.23,33.57
1431063897.99225,106.84,33.56
1431063901.99383,100.14,33.34
1431063903.99264,109.47,33.49
1431063907.99408,94.34,33.4
1431063909.99286,108.19,33.38
1431063915.99323,104.48,33.5
1431063919.99489,95.8,33.56
1431063921.99358,98.75,33.46
1431063923.99642,108.83,33.62
1431063925.99522,104.62,33.26
1431063927.99396,93.56,33.57
1431063929.9928,107.08,33.56
1431063931.99549,98.53,33.53
1431063943.99218,103.64,33.47
1431064318.03311,90.84,33.66
1431064320.03189,100.72,33.48
1431064322.03066,99.48,33.6
1431064326.03218,85.7,33.43
1431064328.03095,92.69,33.26
1431064330.03382,101.55,33.39
1431064332.0325,100.66,33.36
1431064334.03129,100.56,33.38
1431064336.034,86.23,33.45
1431064338.03295,90.36,33.5
1431064340.03573,99.17,33.5
1431064342.03451,101.98,33.54
1431064344.03726,100.36,33.38
1431064346.03605,89.14,33.41
1431064348.03877,90.12,33.37
1431064350.03772,98.5,33.39
1431064352.03638,102.09,33.37
1431064354.03515,90.66,33.4
1431064360.0356,94.48,33.4
1431064362.03831,103.75,33.44
1431064366.03591,102.98,33.37
1431064370.03746,91.27,33.54
1431064382.03822,94.41,33.45
1431064786.07674,88.37,33.34
1431064788.07963,98.87,33.58
1431064792.07719,103.47,33.53
1431064794.07992,89.28,33.51
1431064796.07873,93.97,33.6
1431064798.07752,103.95,33.56
1431064800.08026,99.59,33.59
1431064802.07904,98.52,33.58
1431064804.07783,88.06,33.43
1431064806.07658,99.84,33.5
1431064808.07932,103.56,33.46
1431064810.07814,102.73,33.5
1431064812.07692,87.19,33.55
1431064814.07964,98.34,33.56
1431064816.0785,104.33,33.52
1431065324.13821,92.41,33.76
1431065328.13973,106.02,33.74
1431065330.13845,100.34,33.5
1431065332.13734,95.78,33.68
1431065334.13613,106.34,33.52
1431065336.13883,97.78,33.33
1431065338.13768,91.58,33.4
1431065340.14057,101.16,33.58
1431065342.13929,108.94,33.52
1431065344.14199,106.17,33.71
1431065346.1412,91.91,33.23
1431065348.13965,103.73,33.58
1431065350.14236,107.94,33.64
1431065352.14111,103.92,33.58
1431065354.13992,93.09,33.55
1431065356.1426,105,33.34
1431065360.14029,101.28,33.53
1431065790.19124,101.67,33.61
1431065798.19038,106.5,33.62
1431065800.18915,94.14,33.56
1431065802.19185,93.39,33.48
1431065804.19063,97.58,33.43
1431065806.18944,107.53,33.68
1431065808.18821,104.42,33.52
1431065810.19096,91.5,33.78
1431065812.18989,95.56,33.48
1431065814.1885,105.77,33.59
1431065816.19127,92.14,33.48
1431065818.19008,96.17,33.32
1431065820.19288,91.97,33.45
1431065822.19177,103.25,33.44
1431065824.19448,102.8,33.47
1431065826.19332,101.73,33.34
1431065830.19497,100.97,33.37
1431065832.19358,105.53,33.4
1431065834.19238,102.17,33.5
1431065838.19405,100.53,33.35
1431066228.23312,105.11,33.63
1431066236.23613,105.75,33.77
1431066244.23935,104.23,33.5
1431066246.23818,109.41,33.38
1431066248.23696,108.03,33.61
1431066252.23861,104.27,33.64
1431066254.23728,109.89,33.67
1431066260.23773,108.45,33.59
1431066262.23653,105.83,33.67
1431066264.23514,101.22,33.52
1431066268.23684,110.06,33.58
1431066270.23954,101.2,33.32
1431066272.23837,96.44,33.57
1431066274.24122,101.34,33.63
1431066276.24002,109.56,33.62
1431066278.23867,105.97,33.49
1431066280.24157,93.97,33.5
1431066282.24034,102.83,33.63
1431066286.24191,108.58,33.56
1431066288.24065,93.89,33.49
1431066294.24098,108.64,33.52
1431066296.23975,93.48,33.46
1431066300.24142,108.92,33.44
1431066684.29251,104.39,33.37
1431066686.29122,91.45,33.54
1431066688.29391,98.45,33.51
1431066690.29273,107.12,33.53
1431066692.29157,99.7,33.5
1431066694.29032,99.94,33.48
1431066696.29304,93.66,33.59
1431066698.29188,103.66,33.64
1431066700.29056,107.22,33.88
1431066702.29341,103.87,33.52
1431066704.29226,92.61,33.78
1431066706.29501,98.37,33.31
1431066708.29381,107.8,33.39
1431066710.2966,103.31,33.69
1431066712.29541,102.73,33.47
1431066714.29816,94.34,33.51
1431066716.29706,104.5,33.31
1431066718.29561,108.73,33.32
1431066720.29848,104.77,33.66
1431066722.29736,93,33.71
1431066724.29615,101.28,33.45
1431066726.29483,107.5,33.62
1431066732.29516,97.19,33.43
1431066734.29799,105.19,33.46
1431067142.33808,98.06,33.49
1431067144.33701,87.28,33.43
1431067154.3348,100.08,33.57
1431067160.33508,89.58,33.77
1431067162.33377,98.53,33.68
1431067164.33265,107.36,33.52
1431067166.33538,99.67,33.62
1431067168.33419,90.92,33.35
1431067170.33344,96.37,33.53
1431067172.33574,107.44,33.58
1431067174.33446,92.91,33.44
1431067608.38283,104.03,33.33
1431067614.38318,95.66,33.78
1431067626.3839,108.22,33.56
1431067630.38559,92.03,33.51
1431067632.38424,101.55,33.74
1431067634.38716,108.42,33.38
1431067636.3859,103.37,33.4
1431067638.38467,94.42,33.64
1431067640.3874,106.89,33.47
1431067642.38622,99.95,33.54
1431067644.385,96.52,33.61
1431067646.38771,96.59,33.69
1431067648.38665,107.58,33.62
1431067650.38529,94.25,33.64
1431067652.3841,95.56,33.69
1431067654.38688,96.02,33.66
1431067656.38577,107.52,33.55
1431068146.43596,109.94,33.77
1431068148.43889,103.41,33.58
1431068150.43771,96.97,33.64
1431068152.44041,109.28,33.7
1431068154.43919,103.56,33.29
1431068156.438,102.64,33.4
1431068158.4408,99.28,33.54
1431068160.4396,110.59,33.8
1431068162.43829,96.89,33.72
1431068164.4412,98.03,33.54
1431068166.4399,101.31,33.32
1431068168.43874,110.69,33.5
1431068170.44149,108.36,33.64
1431068172.44028,95.47,33.37
1431068174.43903,104.19,33.72
1431068176.44175,111.12,33.74
1431068178.44074,108.83,33.55
1431068180.43941,95.42,33.71
1431068182.44205,107.03,33.53
1431068184.44096,110.3,33.77
1431068186.43971,106.55,33.52
1431068188.44249,97.56,33.49
1431068190.44128,109.92,33.45
1431068198.44454,110.27,33.47
1431068592.49329,106.75,33.55
1431068600.4924,96.45,33.66
1431068606.49278,103.28,33.72
1431068612.49309,103.2,33.72
1431068620.49221,91.91,33.61
1431068622.49493,101.69,33.57
1431068624.49375,107.75,33.68
1431068626.49675,95.05,33.69
1431068628.49551,99.16,33.74
1431068630.49815,92.36,33.73
1431068632.49693,101.3,33.61
1431068634.49589,108.8,33.57
1431068636.49453,99.56,33.78
1431068638.4973,102.48,33.38
1431068640.49597,92.62,33.53
1431068642.49495,100.44,33.76
1431068644.49765,108.61,33.91
1431068646.49647,104.34,33.6
1431068648.49531,104.03,33.65
1431068650.49407,93.16,33.81
1431068652.49684,101.23,33.65
1431068656.49834,97.14,33.64
1431068658.5012,98.84,33.57
1431068660.50007,95.78,33.64
1431068662.50282,105.72,33.72
1431068664.50161,109.09,33.66
1431068666.50035,104.55,33.61
1431068668.50323,94.02,33.55
1431068670.5019,100.55,33.55
1431068672.50064,109.53,33.65
1431068674.50346,100.08,33.61
1431068676.50228,101.34,33.39
1431068678.50105,96.53,33.55
1431068680.49969,106.75,33.57
1431068682.50258,111.14,33.45
1431068684.50138,106.69,33.58
1431068686.5001,95.41,33.46
1431068688.50289,101.55,33.65
1431068690.50168,110.72,33.66
1431068692.50044,105.94,33.74
1431068694.49935,105.31,33.46
1431068696.50195,96.42,33.52
1431068698.50078,105.94,33.53
1431068700.49954,111.34,33.52
1431068702.50242,99.77,33.56
1431068704.50517,99.42,33.57
1431068706.50399,99.75,33.71
1431068708.50674,109.89,33.5
1431068710.50565,110.3,33.37
1431068712.50432,106.19,33.39
1431068714.50701,96.91,33.57
1431068716.50595,106.98,33.5
1431068718.50474,111.3,33.48
1431068720.50746,108.58,33.68
1431068722.50628,96.42,33.47
1431068724.50506,102.58,33.61
1431068726.50381,110.28,33.57
1431068728.50255,97.94,33.52
1431068730.50535,100.75,33.52
1431068732.50415,99.84,33.31
1431069156.55056,97.23,33.67
1431069158.55329,94.12,33.56
1431069164.5537,104.16,33.6
1431069166.55252,94.41,33.56
1431069168.55134,106.75,33.76
1431069170.54999,94.36,33.43
1431069172.55284,93.48,33.42
1431069174.55165,99.77,33.51
1431069176.55045,107.83,33.61
1431069178.5532,99.67,33.48
1431069184.55363,102.09,33.37
1431069190.55399,90.58,33.74
1431069196.5543,105.23,33.53
1431069198.55303,105,33.45
1431069202.55458,100.33,33.46
1431069204.55342,106.72,33.51
1431069210.5537,101.56,33.43
1431069212.55246,107.58,33.45
1431069216.55413,92.95,33.42
1431069634.60423,100,33.58
1431069636.60322,102.81,33.65
1431069638.60184,90.52,33.5
1431069640.60455,93.97,33.73
1431069644.60228,94.27,33.57
1431069648.60383,100.97,33.53
1431069660.60439,94.67,33.33
1431070104.65466,95.06,33.4
1431070106.65366,97.39,33.36
1431070108.65643,86.97,33.76
1431070110.65522,96,33.55
1431070112.6581,103.69,33.67
1431070114.6567,100.06,33.58
1431070116.65955,106.44,33.5
1431070118.6584,92.41,33.53
1431070120.65719,88.91,33.57
1431070122.65985,98.61,33.6
1431070124.65872,103.98,33.53
1431070126.6574,93.22,33.49
1431070128.6563,102.2,33.72
1431070130.65898,87.67,33.85
1431070132.65771,94.41,33.63
1431070134.6566,104.37,33.57
1431070136.65535,92.55,33.48
1431070138.65804,92.62,33.52
1431070140.65687,92.72,33.68
1431070142.65966,104.92,33.77
1431070144.65848,91.05,33.48
1431070146.65729,90.89,33.43
1431070148.66008,94.98,33.59
1431070150.66289,105.66,33.45
1431070152.6617,94.67,33.42
1431070154.6604,90.66,33.56
1431070156.66322,96.45,33.45
1431070158.66202,105.64,33.47
1431070160.6608,92.28,33.53
1431070162.65946,98,33.73
1431070164.66232,89.66,33.57
1431070542.69664,102.95,33.78
1431070550.69984,107.33,33.62
1431070552.70257,101.52,33.53
1431070554.70139,94.2,33.5
1431070556.70408,102.19,33.68
1431070558.70294,109.08,33.52
1431070560.70172,100.39,33.41
1431070562.70457,95.62,33.69
1431070564.70334,108.28,33.51
1431070566.70203,97.05,33.53
1431070568.70487,96.2,33.65
1431070570.70371,100.48,33.58
1431070572.70246,108.44,33.62
1431070574.70125,102.72,33.49
1431070576.70398,91.64,33.68
1431070578.70279,102.42,33.59
1431070580.70157,108.31,33.66
1431070582.70434,105.08,33.28
1431070584.7072,93.66,33.66
1431070586.70601,102.28,33.55
1431070588.70477,109.09,33.42
1431070590.70748,107,33.58
1431070592.70631,93.73,33.4
1431070594.70512,99.22,33.63
1431070596.70795,108.17,33.31
1431070598.70663,94.14,33.59
1431070600.70541,89.55,33.35
1431070602.70814,95.87,33.44
1431070604.70706,105.53,33.49
1431070606.70575,99.37,33.53
1431070608.70449,98.56,33.59
1431070610.70738,93.2,33.57
1431070612.70617,108.59,33.42
1431070614.70482,96.45,33.39
1431070616.70769,93.97,33.6
1431070618.70647,96.89,33.46
1431070620.70528,107.7,33.3
1431070622.70806,103.77,33.33
1431070624.70681,90.69,33.41
1431070626.70972,100.31,33.43
1431071012.74288,95.37,33.59
1431071016.74462,107.08,33.59
1431071018.74339,101.61,33.54
1431071020.74612,98.44,33.73
1431071022.74496,95.77,33.54
1431071024.74372,106.02,33.77
1431071026.74249,104.84,33.49
1431071028.74521,99.98,33.69
1431071030.74405,94.48,33.52
1431071032.74278,106.05,33.4
1431071034.74551,105.19,33.64
1431071036.74436,97.98,33.6
1431071038.74311,96.17,33.54
1431071042.74463,98.39,33.47
1431071044.74348,95.83,33.64
1431071046.74632,97.39,33.59
1431071048.74509,108.34,33.55
1431071050.74788,95.62,33.64
1431071052.74666,96.41,33.61
1431071054.74954,97.52,33.66
1431071056.74835,107.87,33.56
1431071058.74709,98.27,33.64
1431071060.74573,96.27,33.45
1431071062.74863,97.05,33.62
1431071064.74743,106.59,33.58
1431071066.74623,98.28,33.64
1431071068.74893,95.61,33.59
1431071070.74774,97.59,33.79
1431071072.7465,108.78,33.57
1431071074.74533,96.11,33.31
1431071536.79671,101.14,33.73
1431071538.79549,106.31,33.78
1431071540.79428,99.98,33.63
1431071542.797,96.12,33.63
1431071544.79587,98.03,33.64
1431071546.79844,108.39,33.77
1431071548.79754,97.73,33.79
1431071550.79615,97.75,33.61
1431071552.79913,96.45,33.52
1431071554.79782,106.73,33.57
1431071556.80049,105.86,33.67
1431071558.79929,102.45,33.52
1431071560.79815,94.97,33.56
1431071562.79689,104.73,33.56
1431071564.79957,107.94,33.71
1431071566.79849,105.72,33.54
1431071568.7972,94.25,33.5
1431071570.80005,102.37,33.59
1431071572.79893,110.09,33.51
1431071574.79751,106.62,33.55
1431071578.79908,101.64,33.56
1431071580.79793,109.61,33.4
1431071592.80266,103.7,33.36
1431071594.80144,94.22,33.56
1431072038.85169,98.45,33.83
1431072042.85341,81.02,33.65
1431072044.85221,88.25,33.45
1431072046.8549,99.11,33.61
1431072048.85375,87.3,33.74
1431072050.85252,87.27,33.59
1431072056.85279,99.11,33.6
1431072058.8516,92.78,33.42
1431072062.85311,85.55,33.54
1431072064.85192,95.05,33.59
1431072068.84946,93.53,33.49
1431072072.85102,85.91,33.6
1431072494.89864,92.81,33.82
1431072498.90033,86.58,33.69
1431072500.89917,86.34,33.58
1431072502.90186,79.34,33.65
1431072504.90068,89.08,33.66
1431072506.89946,95.2,33.45
1431072508.90218,85.33,33.67
1431072510.90095,89.92,33.56
1431072512.89973,77.66,33.74
1431073032.94791,82.66,33.63
1431073040.94699,89.37,33.71
1431073042.94987,80.77,33.7
1431073046.95133,80.08,33.76
1431073048.95025,91.27,33.64
1431073050.95295,82.52,33.66
1431073052.95173,77.11,33.57
1431073054.95447,74.81,33.53
1431073056.95342,86.08,33.59
1431073058.95211,90.78,33.68
1431073060.95084,77.98,33.79
1431073062.94963,75.31,33.42
1431073064.95245,77.7,33.8
1431073066.95118,86.45,33.59
1431073068.94994,87.53,33.54
1431073070.95274,77.44,33.61
1431073072.95161,76.81,33.58
1431073074.95041,74.81,33.28
1431073076.95303,88.22,33.67
1431073078.95197,91.72,33.64
1431073080.95076,79.7,33.76
1431073082.95338,77.53,33.82
1431073084.95234,79.14,33.5
1431073086.95096,89.02,33.76
1431073088.95383,93.78,33.56
1431073090.95256,79.66,33.41
1431073094.95413,76.44,33.64
1431073096.95688,85.2,33.68
1431073098.95567,93.94,33.5
1431073106.9548,80.72,33.62
1431073118.95552,81.98,33.55
1431073126.95462,89.59,33.66
1431073128.9574,80.67,33.48
1431073130.95619,87.11,33.55
1431073132.95906,95.94,33.53
1431073136.96063,83.78,33.52
1431073138.95937,85.97,33.44
1431073140.95816,81.64,33.51
1431073142.95693,89.8,33.27
1431073144.95971,97.55,33.33
1431073146.95851,97.84,33.49
1431073148.95726,89.47,33.65
1431073150.96013,86.05,33.13
1431073152.95881,82.09,33.52
1431073154.95758,89.06,33.54
1431073160.958,87.19,33.5
1431073162.95668,85.27,33.37
1431073653.01922,83.48,33.59
1431073655.01811,91.89,33.48
1431073657.01688,99.94,33.34
1431073661.01861,82.66,33.53
1431073663.02131,93.53,33.64
1431073665.02005,100.03,33.54
1431073667.02301,96.09,33.63
1431073669.02164,83.02,33.34
1431073673.02325,99.92,33.49
1431073675.02207,96.36,33.67
1431073681.02241,100.09,33.29
1431073687.0227,94.3,33.61
1431074085.06499,103.05,33.64
1431074089.06248,87.84,33.91
1431074091.06539,95.58,33.64
1431074093.06418,100.45,33.67
1431074095.06694,96.12,33.84
1431074097.06964,83.39,33.72
1431074099.06852,94.52,33.67
1431074103.07009,97.37,33.53
1431074105.06898,83.06,33.59
1431074107.06763,92.03,33.52
1431074111.06917,86.39,33.66
1431074113.0681,91.31,33.38
1431074117.06955,95.64,33.43
1431074119.06825,101.14,33.63
1431074121.06718,92.03,33.64
1431074123.06994,89.8,33.62
1431074125.06867,86.84,33.66
1431074561.11986,104.34,33.48
1431074601.12355,87.91,33.64
1431074603.12234,97.69,33.44
1431074605.1251,104.61,33.51
1431074607.12388,100.92,33.7
1431074609.12266,88.56,33.71
1431074611.12535,97.66,33.61
1431074613.1242,104.22,33.51
1431074615.12298,100.28,33.57
1431074617.1258,88.31,33.63
1431074619.12463,97.34,33.47
1431074621.12343,103.44,33.38
1431074623.12619,100.91,33.69
1431074625.12904,87.56,33.57
1431074627.12788,98.34,33.54
1431074629.12652,104.11,33.53
1431074973.16566,97.52,33.76
1431074975.16448,102.52,33.8
1431074979.16592,89.08,33.82
1431074981.16481,101.78,33.72
1431074985.16625,88.78,33.38
1431074987.1651,92.25,33.71
1431074995.16413,94.25,33.55
1431074999.16568,97,33.6
1431075011.16647,92.86,33.45
1431075437.22394,104.84,33.74
1431075439.22274,93.58,33.61
1431075441.2255,99.7,33.6
1431075443.22425,108.77,33.5
1431075447.22592,102.14,33.41
1431075453.22623,108.77,33.71
1431075459.22656,98.19,33.46
1431075909.28946,103.31,33.46
1431075913.2911,98.16,33.38
1431075917.28865,101.78,33.56
1431075923.28898,90.75,33.41
1431075925.28765,103,33.47
1431075931.28813,94.25,33.51
1431075933.2868,105.41,33.21
1431075937.28842,86.36,33.33
1431076361.33068,110.39,33.29
1431076369.33389,109.34,33.41
1431076373.33542,102.19,33.57
1431076379.33575,103.97,33.34
1431076387.33482,97.52,33.31
1431076389.33373,98.66,33.41
1431076393.33528,110.33,33.03
1431076395.33393,103.02,33.17
1431076399.3356,102.53,33.35
1431076775.37502,93.97,33.42
1431076783.37417,90.31,33.51
1431076785.37687,96.34,33.47
1431076787.37583,105.53,33.56
1431076789.37446,103.58,33.34
1431076791.3773,88.89,33.33
1431076793.37615,100.91,33.47
1431076795.37493,102.47,33.25
1431076797.37358,92.62,33.45
1431076799.37644,94.92,33.39
1431076801.37522,104.84,33.13
1431076803.374,99.53,33.23
1431076805.37671,90.42,33.27
1431076807.37556,103.75,33.31
1431076815.37877,96.94,33.16
1431077231.43028,102.73,33.6
1431077235.43166,100.17,33.42
1431077237.43063,87.28,33.57
1431077251.42997,100.73,33.32
1431077255.43148,99.03,33.38
1431077257.43034,86.3,33.47
1431077259.43311,90.69,33.45
1431077261.43205,100.27,33.21
1431077263.43468,101.48,33.33
1431077265.43367,98.3,33.43
1431077267.43233,85.44,33.59
1431077269.43503,91.03,33.41
1431077271.43386,101.17,33.43
1431077273.4327,95.73,33.46
1431077275.4314,93.92,33.5
1431077279.43288,95.14,33.65
1431077281.4318,101.69,33.51
1431077297.434,85.89,33.45
1431077739.47724,89.72,33.48
1431077745.47756,102.23,33.52
1431077751.47788,93.27,33.5
1431077753.47672,84.87,33.25
1431077757.47816,97.73,33.5
1431077759.47712,102.61,33.36
1431077767.47625,86.11,33.55
1431077769.47495,94.31,33.56
1431077771.47372,101.73,33.61
1431077775.47529,101.03,33.43
1431077793.47624,99.42,33.54
1431078243.51868,86.7,33.7
1431078245.51747,93.3,33.63
1431078249.51894,101.78,33.51
1431078251.52183,98.5,33.66
1431078253.52066,97.87,33.56
1431078255.52339,90.62,33.33
1431078257.52221,87.33,33.38
1431078263.52252,103.87,33.42
1431078265.52129,102.48,33.35
1431078269.52295,95.94,33.37
1431078271.5216,87.39,33.72
1431078275.52327,98.64,33.46
1431078277.52205,104.3,33.53
1431078279.52069,103.77,33.48
1431078283.52238,93.42,33.6
1431078285.52118,88.48,33.47
1431078289.52269,102.77,33.41
1431078295.52314,99.08,33.36
1431078739.57341,87,33.53
1431078741.57619,84.67,33.56
1431078745.57375,89.28,33.58
1431078747.57648,85.89,33.9
1431078749.57527,91.41,33.8
1431078751.57405,102.66,33.51
1431078753.57284,96.83,33.72
1431078755.57556,95.28,33.64
1431078757.57438,88.67,33.74
1431078759.5732,101.25,33.7
1431078761.57605,102.8,33.65
1431078763.57483,99.73,33.57
1431078765.57762,87.92,33.51
1431078767.57636,97.3,33.6
1431078783.57861,94.31,33.5
1431079247.62467,97.8,33.67
1431079255.62765,103.87,33.68
1431079257.62647,94.2,33.72
1431079259.62531,92.05,33.62
1431079261.62408,89.72,33.77
1431079263.62693,98.42,33.67
1431079265.62572,104.84,33.69
1431079267.62847,93.73,33.81
1431079269.62728,96.61,33.62
1431079271.63013,88.23,33.56
1431079273.62881,96.62,33.65
1431079275.63165,105.62,33.61
1431079277.6316,97.91,33.6
1431079279.62927,97.98,33.6
1431079281.63194,90.52,33.77
1431079283.63076,99.3,33.59
1431079285.62953,103.83,33.47
1431079287.6283,99.66,33.79
1431079289.62706,88.89,33.62
1431079291.62983,94.28,33.56
1431079293.62872,104.25,33.4
1431079295.62739,101.41,33.8
1431079297.63013,97.98,33.88
1431079299.62893,89.12,33.59
1431079303.63058,106.61,33.6
1431079307.63214,92.06,33.54
1431079313.63258,98.83,33.82
1431079321.63167,102.22,33.43
1431079707.67717,91.58,33.76
1431079709.67594,95.22,33.56
1431079715.67625,100.59,33.51
1431079717.675,95.27,33.55
1431079719.67381,88.44,33.46
1431079721.6765,93.83,33.52
1431079723.67533,99.33,33.73
1431079725.67412,105.77,33.68
1431079727.67688,107.02,33.75
1431079729.67565,99.69,33.6
1431079731.67854,100.5,33.69
1431079733.67736,96.83,33.57
1431079737.67887,97.45,33.36
1431079749.67953,94.39,33.4
1431080161.71708,94.3,33.56
1431080163.71583,95.3,33.67
1431080165.71861,99.39,33.7
1431080167.72145,107.91,33.68
1431080169.72026,106.81,33.6
1431080171.72296,92.97,33.6
1431080173.72184,101.78,33.57
1431080175.72473,109.56,33.62
1431080177.72349,108.62,33.5
1431080179.72212,91.05,33.57
1431080181.72499,104.44,33.45
1431080183.72384,109.8,33.55
1431080185.7226,106.58,33.47
1431080187.72138,93.94,33.51
1431080189.72413,105.78,33.56
1431080195.72462,94.06,33.69
1431080197.7232,103.03,33.48
1431080607.76619,106.81,33.68
1431080609.76482,97.25,33.69
1431080613.76652,111.73,33.48
1431080615.76528,113.37,33.68
1431080617.76387,110.8,33.74
1431080619.76675,100.16,33.52
1431080621.76955,99.8,33.59
1431080623.76845,109.34,33.75
1431080625.77123,113.22,33.33
1431080627.76996,100.66,33.5
1431080629.76859,102.78,33.59
1431080631.76759,99.05,33.43
1431080633.77035,106.92,33.43
1431080635.76909,114.36,33.65
1431080637.76789,107.14,33.74
1431080639.77065,108.8,33.48
1431080641.76945,98.44,33.49
1431080643.76818,104.17,33.76
1431080645.7709,112.92,33.28
1431080647.76972,114,33.41
1431080649.76851,110.5,33.57
1431080651.77117,101.08,33.58
1431080653.77,102.02,33.2
1431080657.77173,115.03,33.55
1431081047.82277,107.39,33.51
1431081049.82157,112.05,33.61
1431081051.82041,107.69,33.79
1431081053.82324,94.3,33.59
1431081055.82194,102.08,33.47
1431081057.82075,110.28,33.79
1431081061.82242,92.97,33.78
1431081063.82107,100.87,33.6
1431081065.82393,110.91,33.65
1431081067.82659,102.17,33.79
1431081069.82546,97.72,33.73
1431081071.82428,96.69,33.7
1431081073.82712,107.72,33.35
1431081075.82589,110.77,33.63
1431081077.82458,109.37,33.55
1431081079.82737,94.7,33.6
1431081081.82616,100.06,33.53
1431081083.82498,110.73,33.59
1431081085.82767,109.09,33.54
1431081087.82664,108.12,33.48
1431081089.8253,95.47,33.56
1431081105.83157,102.31,33.28
1431081531.87263,113.2,33.63
1431081533.87126,111.28,33.6
1431081535.87409,102.87,33.67
1431081539.87168,117.98,33.46
1431081541.87443,107.2,33.28
1431081543.87321,110.16,33.64
1431081545.87201,103.31,33.55
1431081547.87479,110.7,33.67
1431081549.87358,117.27,33.52
1431081551.87644,104.11,33.73
1431081553.87522,108.73,33.62
1431081555.87803,103,33.6
1431081557.87678,110.95,33.71
1431081559.87555,117.67,33.59
1431081561.87843,103.94,33.58
1431081563.87708,107.5,33.6
1431081565.87601,103.58,33.46
1431081567.87464,111.98,33.37
1431081569.8774,117.77,33.41
1431081571.87632,108.75,33.63
1431081573.87508,103.56,33.5
1431081575.87784,106.03,33.4
1431081577.87663,115.89,33.47
1431081579.87528,116.66,33.43
1431081581.87423,111.2,33.56
1431081583.8769,102.41,33.5
1431081585.87574,110.53,33.62
1431081587.8785,118.09,33.54
1431081589.87726,106.41,33.23
1431081591.88016,109.25,33.45
1431081595.88173,111.61,33.36
1431081597.88052,117.59,33.5
1431082063.92107,103.89,33.72
1431082065.9199,110.64,33.6
1431082067.9187,118.37,33.51
1431082071.91607,115.36,33.57
1431082073.91897,107.47,33.56
1431082075.91784,105.56,33.63
1431082077.91656,113.37,33.38
1431082079.91931,120.02,33.63
1431082081.92196,115.14,33.71
1431082083.92102,114.61,33.64
1431082085.91964,104.81,33.55
1431082087.92249,110.12,33.67
1431082089.92129,118.97,33.63
1431082091.92399,119.87,33.69
1431082093.92281,116.67,33.53
1431082095.92163,105.44,33.67
1431082097.92446,109.89,33.42
1431082099.92314,118.64,33.46
1431082101.92191,120.11,33.54
1431082103.92071,116.44,33.58
1431082105.9194,106.22,33.64
1431082107.92231,108.98,33.2
1431082109.921,118.83,33.53
1431082111.91974,120.27,33.44
1431082113.92271,116.61,33.6
1431082115.92135,106.44,33.32
1431082121.9217,119.92,33.47
1431082123.92442,116.36,33.64
1431082541.9788,106.95,33.68
1431082543.98147,101.47,33.66
1431082545.98031,110.19,33.54
1431082549.98193,104.22,33.76
1431082551.98063,105,33.65
1431082553.98346,102.64,33.45
1431082555.9823,112.98,33.6
1431082557.98108,116.81,33.56
1431082559.98376,112.61,33.47
1431082561.98264,100.61,33.46
1431082563.98139,111.09,33.59
1431082565.98014,117.3,33.43
1431082567.9829,110.52,33.72
1431082569.9817,100.92,33.55
1431082571.98048,111.28,33.38
1431082573.9832,116.84,33.57
1431082575.98202,110.83,33.46
1431082577.9808,101.62,33.39
1431082579.98348,113.92,33.64
1431082581.98234,116.14,33.49
1431082583.98524,109.42,33.45
1431082585.98404,101.67,33.48
1431082587.98676,110.33,33.46
1431082589.98567,117.59,33.31
1431082591.98846,113.17,33.58
1431082593.98721,93.77,33.42
1431083042.03484,114.27,33.53
1431083044.03772,105.8,33.74
1431083048.0394,119.87,33.41
1431083050.03805,117.22,33.31
1431083052.03698,106.53,33.7
1431083056.03851,118.86,33.7
1431083058.03716,120.48,33.33
1431083060.03603,119.67,33.43
1431083062.03883,106.86,33.58
1431083064.03759,108.94,33.41
1431083066.03624,119.28,33.41
1431083070.03791,119.69,33.71
1431083072.03668,107.45,33.17
1431083074.03545,109.91,33.44
1431083076.03823,119.05,33.44
1431083078.03703,120.39,33.19
1431083512.08939,120.53,33.65
1431083520.09255,113.69,33.64
1431083522.09133,121.41,33.58
1431083524.09417,115.98,33.71
1431083526.09291,114.33,33.41
1431083528.09174,106.47,33.81
1431083530.09453,113.52,33.67
1431083532.09338,121.41,33.55
1431083534.09204,117.61,33.78
1431083536.09078,115.3,33.6
1431083538.09363,106.31,33.83
1431083540.09245,112.67,33.53
1431083542.09112,120.05,33.57
1431083544.09399,118.58,33.62
1431083546.09667,114.56,33.71
1431083548.09563,106.5,33.66
1431083550.09424,112.52,33.52
1431083552.09728,120.34,33.25
1431083554.09597,119.8,33.53
1431083556.09871,116.73,33.6
1431083558.09755,106.16,33.54
1431083560.09624,110.27,33.53
1431083562.09895,118.78,33.49
1431083564.09779,120.36,33.73
1431083566.09655,114.75,33.36
1431083568.09532,107.59,33.64
1431083570.09806,108.67,33.33
1431083572.09685,116.56,33.42
1431084058.14955,104.14,33.64
1431084060.14839,111.83,33.65
1431084062.14719,119.36,33.42
1431084064.14988,112.83,33.52
1431084066.14867,112.8,33.4
1431084068.14748,103.72,33.54
1431084070.14622,109.78,33.43
1431084074.14778,119.09,33.59
1431084076.14656,116.66,33.56
1431084080.14812,106.41,33.49
1431084586.19268,112.48,33.8
1431084588.19128,120.02,33.38
1431084594.1917,108.08,33.91
1431084596.19047,117.98,33.62
1431084598.19317,114.58,33.83
1431084602.19088,106.25,33.32
1431084604.18953,116.83,33.82
1431084608.19507,109.8,33.51
1431084610.19391,104.81,33.62
1431084622.19473,113.52,33.56
1431084628.19499,105.62,33.49
1431084634.1953,115.41,33.71
1431084636.19408,107.42,33.56
1431084642.19435,103.44,33.66
1431085096.24664,105.73,33.65
1431085098.24542,111.81,33.74
1431085100.24419,115.53,33.41
1431085102.24695,113.69,33.5
1431085104.24572,104.25,33.6
1431085106.24859,106.55,33.71
1431085108.24727,98.55,33.9
1431085110.25013,99.45,33.63
1431085112.24898,104.02,33.8
1431085114.24775,110.25,33.64
1431085116.25048,115.11,33.59
1431085118.24928,114.33,33.57
1431085120.25213,104.7,33.66
1431085122.25084,104.34,33.72
1431085124.24959,97.86,33.56
1431085126.24837,102.83,33.66
1431085128.25108,109.58,33.69
1431085130.25002,115.78,33.59
1431085132.2487,113.83,33.65
1431085134.25152,109.25,33.45
1431085136.25036,101.64,33.71
1431085138.24916,100.33,33.53
1431085140.25204,106.56,33.66
1431085142.25068,113.34,33.73
1431085144.2534,116.52,33.63
1431085146.25223,112.2,33.67
1431085148.25514,111.17,33.54
1431085152.25268,100.47,33.56
1431085154.25541,105.58,33.57
1431085156.25422,111.92,33.49
1431085644.30169,118.02,33.79
1431085652.30087,118.14,33.82
1431085654.30347,103.03,33.75
1431085656.30236,109.47,33.73
1431085658.30525,119.86,33.72
1431085660.30408,117.95,33.77
1431086154.35578,117.56,33.53
1431086162.35506,106.69,33.67
1431086164.35378,106.37,33.72
1431086166.3565,113.53,33.85
1431086168.35526,118.94,33.83
1431086170.35407,120.59,33.71
1431086172.3569,108.89,33.67
1431086174.35975,115.84,33.93
1431086176.35856,106.09,33.81
1431086178.35734,107.56,33.9
1431086180.36021,113.12,33.61
1431086182.35892,117.95,33.49
1431086184.35752,121.08,33.87
1431086186.3603,108.83,33.83
1431086188.35922,115.55,33.72
1431086190.35788,106.56,33.75
1431086192.36059,107.72,33.85
1431086194.35944,113.98,33.81
1431086196.35833,120.14,33.82
1431086198.36092,121.7,33.62
1431086200.35969,110.61,33.83
1431086202.35851,115.81,33.65
1431086204.35741,106.98,33.6
1431086206.36019,107.48,33.77
1431086208.35896,113.8,33.82
1431086214.3634,107.69,33.6
1431086678.4094,119.3,33.67
1431086698.41326,114.06,33.76
1431086704.41365,117.08,33.95
1431086710.41391,106.25,33.95
1431086712.41267,108.28,33.88
1431087156.46298,114.55,33.94
1431087158.46179,106.27,33.84
1431087160.46463,114.03,33.95
1431087164.4621,109.02,34.23
1431087168.46373,109.94,33.74
1431087170.46258,120.05,33.96
1431087172.46122,117.84,33.91
1431087174.46404,112.77,33.69
1431087176.46285,106.78,33.79
1431087178.46168,115.86,34.03
1431087182.46309,111.94,34.03
1431087184.46204,105.78,33.88
1431087188.46347,119.41,33.72
1431087190.46633,113.08,34.04
1431087192.46519,104.37,33.91
1431087194.46791,113.41,33.81
1431087196.46668,120.69,33.88
1431087198.46544,113.64,33.89
1431087200.46821,105.08,33.78
1431087202.46702,107.48,33.74
1431087204.46581,117.31,33.62
1431087206.46867,120.39,33.71
1431087208.4675,115.3,33.88
1431087212.46487,107.59,33.71
1431087214.46367,116.37,33.79
1431087216.4666,120.25,33.7
1431087712.51696,111.87,34.08
1431087716.51869,106.89,33.95
1431087720.5202,122.47,33.99
1431087722.51898,116.36,34.06
1431087724.52172,115.83,33.93
1431087726.52053,107.78,33.87
1431087728.51929,114.33,34.03
1431087730.52218,121.58,33.91
1431087732.52082,121.09,33.78
1431087734.5196,115.33,34.1
1431087736.5184,107.62,34.05
1431087738.52129,113.5,33.87
1431087740.52007,120.3,33.64
1431087742.5187,123.14,33.98
1431087744.52161,117.91,33.91
1431087746.52038,107.16,33.93
1431087748.51915,110.19,33.96
1431087750.5178,119.05,33.98
1431087752.52066,120.61,33.96
1431087754.51949,109.91,33.9
1431087756.51822,113.62,33.97
1431087758.52102,108.22,34.14
1431087760.5198,107.72,33.99
1431087762.52269,123.67,33.69
1431087764.52145,113.42,33.84
1431087768.52301,108.31,33.78
1431088214.57215,109.47,34.27
1431088216.57093,112.97,33.72
1431088222.57119,115.81,33.97
1431088226.57298,120.34,34.13
1431088228.57158,115.94,34.08
1431088230.57446,106.8,34.08
1431088232.57715,103.64,34.05
1431088234.57602,108.7,34.13
1431088236.5748,115.58,33.9
1431088238.57752,118.98,34.08
1431088240.57632,109.34,34.06
1431088242.57512,111.67,33.93
1431088244.57385,102.41,34.01
1431088246.57674,105.58,33.76
1431088248.57564,113.45,33.91
1431088250.57425,119.41,33.84
1431088252.57706,111.19,34.02
1431088254.5759,111.28,34.02
1431088256.57458,102.33,33.99
1431088258.57747,108.25,34.2
1431088260.57615,117.09,33.97
1431088262.57898,119.8,33.91
1431088264.58182,110.33,33.76
1431088266.58068,106.91,34.22
1431088268.57944,105.19,33.95
1431088272.58092,120.39,33.77
1431088274.57974,117.75,33.81
1431088746.63292,107.16,34.01
1431088750.63463,116.61,33.87
1431088752.63341,118.61,33.89
1431088756.63506,104,34.18
1431088758.63375,112.31,33.97
1431088764.63419,106.5,33.89
1431088766.63283,105.22,33.99
1431088774.63606,101.81,34.16
1431088776.63874,108.56,33.96
1431088782.6395,112.2,34.1
1431089268.69604,111.19,34.12
1431089280.69279,109.05,34.18
1431089284.69426,121.44,34.15
1431089288.69187,113.09,33.95
1431089290.6906,117.36,34.29
1431089292.69349,109.3,34.13
1431089294.69215,113.14,34.23
1431089296.69099,119.97,33.89
1431089298.69384,123.53,34.28
1431089300.69267,116.69,34.18
1431089302.69128,117.78,34.13
1431089304.69423,109.55,34.13
1431089306.69298,112.16,33.9
1431089322.6953,123.27,33.93
1431089768.74853,116.59,34.08
1431089776.74759,116.48,33.98
1431089778.75034,114.16,34.22
1431089780.74916,110.33,34.12
1431089782.74793,106.39,34.09
1431089784.75069,124.75,34.32
1431089786.74948,111.42,34.27
1431089788.7482,117.98,34.31
1431089790.74703,112.03,34.01
1431089792.74976,119.5,34.13
1431089794.74857,125.27,34.08
1431089796.74732,114.91,34.18
1431089798.75001,116.2,34.1
1431089800.74897,110.59,34.18
1431089802.7476,116.83,34.3
1431089804.75055,123.3,34.21
1431089806.74935,123.83,34.23
1431089808.75204,118.66,34.26
1431089810.75088,111.66,33.98
1431089812.75349,112.61,34.03
1431089814.75251,120.02,33.98
1431089816.7511,124.31,33.97
1431089818.75396,111.2,34.12
1431089820.7528,118.75,33.94
1431089822.75157,110.33,34.03
1431089824.75019,116.14,34.1
1431089826.75305,124.47,33.99
1431090280.80558,122.78,34.29
1431090286.80594,119.75,34.03
1431090288.80884,126.37,34.09
1431090290.80762,110.95,33.99
1431090292.81033,115.56,34.1
1431090294.80918,110.7,33.96
1431090296.80794,118.84,33.97
1431090298.80672,126.87,34.19
1431090300.80948,120.16,34.02
1431090302.80827,118.25,33.93
1431090304.80703,109.84,34.16
1431090306.80979,118.52,34.2
1431090308.80861,126.8,34.04
1431090310.80747,113.25,34.21
1431090312.8102,114.17,34.31
1431090314.80893,112.41,34.24
1431090316.81177,121.95,34.47
1431090318.81057,126.73,34.17
1431090320.81337,119.86,34.09
1431090322.8121,110,34.21
1431090324.81501,116.7,34.14
1431090326.8138,126.16,33.99
1431090328.81258,116.23,34.01
1431090330.81123,115.17,34.1
1431090332.81412,111.5,34.14
1431090334.8129,120.75,34.17
1431090336.81167,126.33,34.07
1431090338.81441,118.59,34.09
1431090346.81359,125.44,34.04
